<?xml version="1.0" encoding="UTF-8"?>
<?xml-stylesheet href="http://abt-syseng.de.bosch.com/rubasa/schema/rubasaOutput_2.8_html.xslt" type="text/xsl"?>
<RubasaOutput xmlns:xsi="http://www.w3.org/2001/XMLSchema-instance" xsi:noNamespaceSchemaLocation="http://abt-syseng.de.bosch.com/rubasa/schema/rubasaOutput_2.8.xsd">
  <Analysis>
    <Info>
      <RubasaCall>
        <Command>RUBASA with Call ID: RuBatch_1592377386815482600_14492@HC-UT40277C</Command>
        <ConfigFile>C:\temp\ATT_Temp\200617_1400_Sim_VSE_ModelErrorHandling_ModelErrorRoad_raw_100_0_118_0\Rubasa\Output\TM_VSE_ModelErrorHandling_Calc_TC002_run2_config.xml</ConfigFile>
        <Arg>
          <Name>Rule File</Name>
          <Value>C:\Users\nbg7hc\AppData\Local\Temp\RUBASA\Temp_RuBatch_1592377386815482600_14492@HC-UT40277C\ATTRule.xml</Value>
        </Arg>
        <Arg>
          <Name>Output File</Name>
          <Value>TM_VSE_ModelErrorHandling_Calc_TC002_run2.xml</Value>
        </Arg>
        <Arg>
          <Name>Matlab Signal Structure</Name>
          <Value />
        </Arg>
        <Arg>
          <Name>Signal File 1</Name>
          <Value>..\..\mdfFiles\sim_TM_VSE_ModelErrorHandling_Calc_TC002.mdf</Value>
        </Arg>
        <Arg>
          <Name>Plot File 1</Name>
          <Value />
        </Arg>
        <Arg>
          <Name>Signal File 2</Name>
          <Value />
        </Arg>
        <Arg>
          <Name>Plot File 2</Name>
          <Value />
        </Arg>
        <Arg>
          <Name>Time Offset</Name>
          <Value />
        </Arg>
        <Arg>
          <Name>Discrete Input File 1</Name>
          <Value />
        </Arg>
        <Arg>
          <Name>Discrete Input File 2</Name>
          <Value />
        </Arg>
        <Arg>
          <Name>External Parameter File</Name>
          <Value>..\..\..\..\..\TSDE_Workarea\ETASData\ASCET\V6_1_4\CovExport\Rubasa\Param_TM_VSE_ModelErrorHandling_Calc_ATTRule.xml</Value>
        </Arg>
        <Arg>
          <Name>Discrete Output File</Name>
          <Value />
        </Arg>
        <Arg>
          <Name>Discrete Output File Mode</Name>
          <Value>0</Value>
        </Arg>
        <Arg>
          <Name>Verbose File</Name>
          <Value />
        </Arg>
        <Arg>
          <Name>Force XML File</Name>
          <Value>false</Value>
        </Arg>
        <Arg>
          <Name>Log on Console</Name>
          <Value>0</Value>
        </Arg>
        <Arg>
          <Name>Log File</Name>
          <Value>TM_VSE_ModelErrorHandling_Calc_TC002_run2.log</Value>
        </Arg>
        <Arg>
          <Name>Signal Output File</Name>
          <Value />
        </Arg>
        <Arg>
          <Name>Plot Output File</Name>
          <Value />
        </Arg>
        <Version>2.8.0</Version>
      </RubasaCall>
      <Date>17-Jun-2020 14:03:16</Date>
    </Info>
    <Header>
      <Description>Transformed by RUBASA from V2.3 to V2.5 (xslt 1.0)</Description>
    </Header>
    <RuleSet>
      <ExecutionInfo>OK</ExecutionInfo>
      <OverallVerdict>
        <v>Passed</v>
      </OverallVerdict>
      <VerdictCount>
        <Passed>1</Passed>
        <Failed>0</Failed>
        <Undefined>0</Undefined>
      </VerdictCount>
      <EW_List />
      <VariationInfo>
        <Name />
        <Info>
          <Type>Parameter</Type>
          <Value>sim_modelError_road_raw.TM_VSE_ModelErrorHandling_Calc</Value>
          <Name>Signal</Name>
        </Info>
        <Info>
          <Type>Parameter</Type>
          <Value>0</Value>
          <Name>evaluationRange</Name>
        </Info>
        <Info>
          <Type>Parameter</Type>
          <Value>expected_modelError_road_raw.TM_VSE_ModelErrorHandling_Calc</Value>
          <Name>BoundarySignal_upper</Name>
        </Info>
        <Info>
          <Type>Parameter</Type>
          <Value>expected_modelError_road_raw.TM_VSE_ModelErrorHandling_Calc</Value>
          <Name>BoundarySignal_lower</Name>
        </Info>
        <Info>
          <Type>Parameter</Type>
          <Value>0</Value>
          <Name>Tolerance</Name>
        </Info>
      </VariationInfo>
      <Rule>
        <RuleName>SignalInBounds_New</RuleName>
        <Activation>true</Activation>
        <RuleVerdict>
          <v>Passed</v>
        </RuleVerdict>
        <Outputs>
          <Output>
            <OutputName>SignalComparison</OutputName>
            <Trigger>
              <trigger>1</trigger>
            </Trigger>
            <Type>
              <Values>
                <Data>
                  <ResultName>Val_Signal</ResultName>
                  <v>-3.5</v>
                </Data>
                <Data>
                  <ResultName>Val_Upper</ResultName>
                  <v>-3.5</v>
                </Data>
                <Data>
                  <ResultName>Val_Lower</ResultName>
                  <v>-3.5</v>
                </Data>
                <Data>
                  <ResultName>Tolerance</ResultName>
                  <v>0</v>
                </Data>
                <Data>
                  <DereferredTimeTag>
                    <TimeTag>t_failed</TimeTag>
                  </DereferredTimeTag>
                  <v />
                </Data>
                <Data>
                  <DereferredTimeTag>
                    <TimeTag>t_last</TimeTag>
                  </DereferredTimeTag>
                  <v>0</v>
                </Data>
              </Values>
            </Type>
          </Output>
          <Output>
            <OutputName>TestCaseVerdict</OutputName>
            <Trigger>
              <trigger>1</trigger>
            </Trigger>
            <Type>
              <Verdict>
                <v>Passed</v>
              </Verdict>
            </Type>
          </Output>
        </Outputs>
      </Rule>
      <Outputs />
    </RuleSet>
  </Analysis>
</RubasaOutput>
