<?xml version="1.0"?><?xml-stylesheet type="text/xsl" href="http://abt-syseng.de.bosch.com/ModulTest/Report_Structure2.xslt"?><Report><ReportHeader><ClassName><![CDATA[VSE_ModelErrorHandling_ModelErrorRoad_raw]]></ClassName><ClassOID><![CDATA[040qm00c00001o870k1id454nee0a]]></ClassOID><ClassVersion><![CDATA[100.0.118.0]]></ClassVersion><CompleteVerdict><![CDATA[Passed]]></CompleteVerdict></ReportHeader><TestModules><TestModule><TestModuleName><![CDATA[TM_VSE_ModelErrorHandling_Calc]]></TestModuleName><TestModuleVerdict><![CDATA[Passed]]></TestModuleVerdict><TestCases><TestCase><TestCaseName><![CDATA[TM_VSE_ModelErrorHandling_Calc_TC001]]></TestCaseName><TestCaseVerdict><![CDATA[Passed]]></TestCaseVerdict><OutputSignals><SignalDetails><SignalName><![CDATA[sim_modelError_road_raw]]></SignalName><SignalVerdict><![CDATA[Passed]]></SignalVerdict><Signal><![CDATA[3.5]]></Signal><Expected><![CDATA[3.5]]></Expected><Tolerance><![CDATA[0]]></Tolerance><Time><![CDATA[0]]></Time><Warning><![CDATA[]]></Warning></SignalDetails></OutputSignals></TestCase><TestCase><TestCaseName><![CDATA[TM_VSE_ModelErrorHandling_Calc_TC002]]></TestCaseName><TestCaseVerdict><![CDATA[Passed]]></TestCaseVerdict><OutputSignals><SignalDetails><SignalName><![CDATA[sim_modelError_road_raw]]></SignalName><SignalVerdict><![CDATA[Passed]]></SignalVerdict><Signal><![CDATA[-3.5]]></Signal><Expected><![CDATA[-3.5]]></Expected><Tolerance><![CDATA[0]]></Tolerance><Time><![CDATA[0]]></Time><Warning><![CDATA[]]></Warning></SignalDetails></OutputSignals></TestCase><TestCase><TestCaseName><![CDATA[TM_VSE_ModelErrorHandling_Calc_TC003]]></TestCaseName><TestCaseVerdict><![CDATA[Passed]]></TestCaseVerdict><OutputSignals><SignalDetails><SignalName><![CDATA[sim_modelError_road_raw]]></SignalName><SignalVerdict><![CDATA[Passed]]></SignalVerdict><Signal><![CDATA[0]]></Signal><Expected><![CDATA[0]]></Expected><Tolerance><![CDATA[0]]></Tolerance><Time><![CDATA[0]]></Time><Warning><![CDATA[]]></Warning></SignalDetails></OutputSignals></TestCase><TestCase><TestCaseName><![CDATA[TM_VSE_ModelErrorHandling_Calc_TC004]]></TestCaseName><TestCaseVerdict><![CDATA[Passed]]></TestCaseVerdict><OutputSignals><SignalDetails><SignalName><![CDATA[sim_modelError_road_raw]]></SignalName><SignalVerdict><![CDATA[Passed]]></SignalVerdict><Signal><![CDATA[0]]></Signal><Expected><![CDATA[0]]></Expected><Tolerance><![CDATA[0]]></Tolerance><Time><![CDATA[0]]></Time><Warning><![CDATA[]]></Warning></SignalDetails></OutputSignals></TestCase><TestCase><TestCaseName><![CDATA[TM_VSE_ModelErrorHandling_Calc_TC005]]></TestCaseName><TestCaseVerdict><![CDATA[Passed]]></TestCaseVerdict><OutputSignals><SignalDetails><SignalName><![CDATA[sim_modelError_road_raw]]></SignalName><SignalVerdict><![CDATA[Passed]]></SignalVerdict><Signal><![CDATA[3.5]]></Signal><Expected><![CDATA[3.5]]></Expected><Tolerance><![CDATA[0]]></Tolerance><Time><![CDATA[0]]></Time><Warning><![CDATA[]]></Warning></SignalDetails></OutputSignals></TestCase><TestCase><TestCaseName><![CDATA[TM_VSE_ModelErrorHandling_Calc_TC006]]></TestCaseName><TestCaseVerdict><![CDATA[Passed]]></TestCaseVerdict><OutputSignals><SignalDetails><SignalName><![CDATA[sim_modelError_road_raw]]></SignalName><SignalVerdict><![CDATA[Passed]]></SignalVerdict><Signal><![CDATA[0]]></Signal><Expected><![CDATA[0]]></Expected><Tolerance><![CDATA[0]]></Tolerance><Time><![CDATA[0]]></Time><Warning><![CDATA[]]></Warning></SignalDetails></OutputSignals></TestCase><TestCase><TestCaseName><![CDATA[TM_VSE_ModelErrorHandling_Calc_TC007]]></TestCaseName><TestCaseVerdict><![CDATA[Passed]]></TestCaseVerdict><OutputSignals><SignalDetails><SignalName><![CDATA[sim_modelError_road_raw]]></SignalName><SignalVerdict><![CDATA[Passed]]></SignalVerdict><Signal><![CDATA[0]]></Signal><Expected><![CDATA[0]]></Expected><Tolerance><![CDATA[0]]></Tolerance><Time><![CDATA[0]]></Time><Warning><![CDATA[]]></Warning></SignalDetails></OutputSignals></TestCase><TestCase><TestCaseName><![CDATA[TM_VSE_ModelErrorHandling_Calc_TC008]]></TestCaseName><TestCaseVerdict><![CDATA[Passed]]></TestCaseVerdict><OutputSignals><SignalDetails><SignalName><![CDATA[sim_modelError_road_raw]]></SignalName><SignalVerdict><![CDATA[Passed]]></SignalVerdict><Signal><![CDATA[-3.5]]></Signal><Expected><![CDATA[-3.5]]></Expected><Tolerance><![CDATA[0]]></Tolerance><Time><![CDATA[0]]></Time><Warning><![CDATA[]]></Warning></SignalDetails></OutputSignals></TestCase><TestCase><TestCaseName><![CDATA[TM_VSE_ModelErrorHandling_Calc_TC009]]></TestCaseName><TestCaseVerdict><![CDATA[Passed]]></TestCaseVerdict><OutputSignals><SignalDetails><SignalName><![CDATA[sim_modelError_road_raw]]></SignalName><SignalVerdict><![CDATA[Passed]]></SignalVerdict><Signal><![CDATA[3.5]]></Signal><Expected><![CDATA[3.5]]></Expected><Tolerance><![CDATA[0]]></Tolerance><Time><![CDATA[0]]></Time><Warning><![CDATA[]]></Warning></SignalDetails></OutputSignals></TestCase></TestCases></TestModule></TestModules></Report>