<?xml version="1.0" encoding="UTF-8" ?>
<?xml-stylesheet href="http://abt-syseng.de.bosch.com/rubasa/schema/RuBatchReport_2.6_html.xsl" type="text/xsl"?>
<?xml-stylesheet href="http://abt-syseng.de.bosch.com/rubasa/schema/RuBatchReport_2.6_excel.xsl" type="text/xsl"?>

<TCReport xsi:noNamespaceSchemaLocation="http://abt-syseng.de.bosch.com/rubasa/schema/RuBatchReport_2.6.xsd" xmlns:xsi="http://www.w3.org/2001/XMLSchema-instance">
    <Evaluation>
        <Info>
            <Tool>RuBatch</Tool>
            <Version>2.8.0</Version>
            <Date>17-Jun-2020 14:03:22</Date>
            <Call_ID>RuBatch_1592377386815482600_14492@HC-UT40277C</Call_ID>
            <RuntimeParameter>
                <Name>ConfigFile</Name>
                <Value>
                    <FileLink>
                        <Name>RuBatchConfig.xml</Name>
                        <File>..\..\..\..\TSDE_Workarea\ETASData\ASCET\V6_1_4\CovExport\Rubasa\RuBatchConfig.xml</File>
                        <Md5Hash>60e094fc135063dfc2fef5b499d484ea</Md5Hash>
                    </FileLink>
                </Value>
            </RuntimeParameter>
            <RuntimeParameter>
                <Name>BasePath</Name>
                <Value>
                    <FileLink>
                        <Name>200617_1400_Sim_VSE_ModelErrorHandling_ModelErrorRoad_raw_100_0_118_0</Name>
                        <File>..\</File>
                        <Md5Hash>bc42101ae40a6eaef5a16dd689c3ea6e</Md5Hash>
                    </FileLink>
                </Value>
            </RuntimeParameter>
            <RuntimeParameter>
                <Name>ConsoleOutput</Name>
                <Value>
                    <String>1</String>
                </Value>
            </RuntimeParameter>
            <RuntimeParameter>
                <Name>LogFile</Name>
                <Value>
                    <FileLink>
                        <Name>logRubasa.txt</Name>
                        <File>..\..\..\..\TSDE_Workarea\ETASData\ASCET\V6_1_4\CovExport\Rubasa\logRubasa.txt</File>
                        <Md5Hash>4fc54f3f00bd288418325cd567981e1</Md5Hash>
                    </FileLink>
                </Value>
            </RuntimeParameter>
            <ExecutionInfo>OK</ExecutionInfo>
        </Info>
        <SingleReport>
            <Name>Global Report</Name>
            <JobReference>
                <Global/>
            </JobReference>
            <Declaration>
                <Name>accu</Name>
                <vHeaders>
                    <Name>Verdict</Name>
                </vHeaders>
                <Topic>
                    <Type>
                        <Verdict>
                            <v>Passed</v>
                        </Verdict>
                    </Type>
                    <Source>
                        <FileLink>
                            <Name>TM_VSE_ModelErrorHandling_Calc_TC001_run1_config.xml</Name>
                            <File>Output\TM_VSE_ModelErrorHandling_Calc_TC001_run1_config.xml</File>
                            <Md5Hash>a0a95b73936855bc6b379cfdba2669c8</Md5Hash>
                        </FileLink>
                    </Source>
                    <Source>
                        <FileLink>
                            <Name>TM_VSE_ModelErrorHandling_Calc_TC002_run2_config.xml</Name>
                            <File>Output\TM_VSE_ModelErrorHandling_Calc_TC002_run2_config.xml</File>
                            <Md5Hash>21238c99fceab79b51e4b557c8737765</Md5Hash>
                        </FileLink>
                    </Source>
                    <Source>
                        <FileLink>
                            <Name>TM_VSE_ModelErrorHandling_Calc_TC003_run3_config.xml</Name>
                            <File>Output\TM_VSE_ModelErrorHandling_Calc_TC003_run3_config.xml</File>
                            <Md5Hash>e0f98a4409bd1ef0a5fd8a698b949559</Md5Hash>
                        </FileLink>
                    </Source>
                    <Source>
                        <FileLink>
                            <Name>TM_VSE_ModelErrorHandling_Calc_TC004_run4_config.xml</Name>
                            <File>Output\TM_VSE_ModelErrorHandling_Calc_TC004_run4_config.xml</File>
                            <Md5Hash>e2b4622f0e0311100c1542327a4dafd6</Md5Hash>
                        </FileLink>
                    </Source>
                    <Source>
                        <FileLink>
                            <Name>TM_VSE_ModelErrorHandling_Calc_TC005_run5_config.xml</Name>
                            <File>Output\TM_VSE_ModelErrorHandling_Calc_TC005_run5_config.xml</File>
                            <Md5Hash>439b8f9a3943ee898383b04b0e31fb45</Md5Hash>
                        </FileLink>
                    </Source>
                    <Source>
                        <FileLink>
                            <Name>TM_VSE_ModelErrorHandling_Calc_TC006_run6_config.xml</Name>
                            <File>Output\TM_VSE_ModelErrorHandling_Calc_TC006_run6_config.xml</File>
                            <Md5Hash>3d16cd16358b55d704f03f4fcd939a6c</Md5Hash>
                        </FileLink>
                    </Source>
                    <Source>
                        <FileLink>
                            <Name>TM_VSE_ModelErrorHandling_Calc_TC007_run7_config.xml</Name>
                            <File>Output\TM_VSE_ModelErrorHandling_Calc_TC007_run7_config.xml</File>
                            <Md5Hash>e4b63b84cb4c92e7dd3174468e22a449</Md5Hash>
                        </FileLink>
                    </Source>
                    <Source>
                        <FileLink>
                            <Name>TM_VSE_ModelErrorHandling_Calc_TC008_run8_config.xml</Name>
                            <File>Output\TM_VSE_ModelErrorHandling_Calc_TC008_run8_config.xml</File>
                            <Md5Hash>84c02b0189247a358aa2bf9f5999d477</Md5Hash>
                        </FileLink>
                    </Source>
                    <Source>
                        <FileLink>
                            <Name>TM_VSE_ModelErrorHandling_Calc_TC009_run9_config.xml</Name>
                            <File>Output\TM_VSE_ModelErrorHandling_Calc_TC009_run9_config.xml</File>
                            <Md5Hash>3de164b1eeccec4ce48c38b433a0fa8</Md5Hash>
                        </FileLink>
                    </Source>
                </Topic>
            </Declaration>
            <Declaration>
                <Name>list</Name>
                <vHeaders>
                    <Name>Verdict</Name>
                </vHeaders>
                <Topic>
                    <Type>
                        <Verdict>
                            <v>Passed</v>
                        </Verdict>
                    </Type>
                    <VariationInfo>
                        <Name></Name>
                        <Number>1</Number>
                        <TotalNumber>1</TotalNumber>
                    </VariationInfo>
                    <Source>
                        <FileLink>
                            <Name>TM_VSE_ModelErrorHandling_Calc_TC001_run1_config.xml</Name>
                            <File>Output\TM_VSE_ModelErrorHandling_Calc_TC001_run1_config.xml</File>
                            <Md5Hash>a0a95b73936855bc6b379cfdba2669c8</Md5Hash>
                        </FileLink>
                    </Source>
                </Topic>
                <Topic>
                    <Type>
                        <Verdict>
                            <v>Passed</v>
                        </Verdict>
                    </Type>
                    <VariationInfo>
                        <Name></Name>
                        <Number>1</Number>
                        <TotalNumber>1</TotalNumber>
                    </VariationInfo>
                    <Source>
                        <FileLink>
                            <Name>TM_VSE_ModelErrorHandling_Calc_TC002_run2_config.xml</Name>
                            <File>Output\TM_VSE_ModelErrorHandling_Calc_TC002_run2_config.xml</File>
                            <Md5Hash>21238c99fceab79b51e4b557c8737765</Md5Hash>
                        </FileLink>
                    </Source>
                </Topic>
                <Topic>
                    <Type>
                        <Verdict>
                            <v>Passed</v>
                        </Verdict>
                    </Type>
                    <VariationInfo>
                        <Name></Name>
                        <Number>1</Number>
                        <TotalNumber>1</TotalNumber>
                    </VariationInfo>
                    <Source>
                        <FileLink>
                            <Name>TM_VSE_ModelErrorHandling_Calc_TC003_run3_config.xml</Name>
                            <File>Output\TM_VSE_ModelErrorHandling_Calc_TC003_run3_config.xml</File>
                            <Md5Hash>e0f98a4409bd1ef0a5fd8a698b949559</Md5Hash>
                        </FileLink>
                    </Source>
                </Topic>
                <Topic>
                    <Type>
                        <Verdict>
                            <v>Passed</v>
                        </Verdict>
                    </Type>
                    <VariationInfo>
                        <Name></Name>
                        <Number>1</Number>
                        <TotalNumber>1</TotalNumber>
                    </VariationInfo>
                    <Source>
                        <FileLink>
                            <Name>TM_VSE_ModelErrorHandling_Calc_TC004_run4_config.xml</Name>
                            <File>Output\TM_VSE_ModelErrorHandling_Calc_TC004_run4_config.xml</File>
                            <Md5Hash>e2b4622f0e0311100c1542327a4dafd6</Md5Hash>
                        </FileLink>
                    </Source>
                </Topic>
                <Topic>
                    <Type>
                        <Verdict>
                            <v>Passed</v>
                        </Verdict>
                    </Type>
                    <VariationInfo>
                        <Name></Name>
                        <Number>1</Number>
                        <TotalNumber>1</TotalNumber>
                    </VariationInfo>
                    <Source>
                        <FileLink>
                            <Name>TM_VSE_ModelErrorHandling_Calc_TC005_run5_config.xml</Name>
                            <File>Output\TM_VSE_ModelErrorHandling_Calc_TC005_run5_config.xml</File>
                            <Md5Hash>439b8f9a3943ee898383b04b0e31fb45</Md5Hash>
                        </FileLink>
                    </Source>
                </Topic>
                <Topic>
                    <Type>
                        <Verdict>
                            <v>Passed</v>
                        </Verdict>
                    </Type>
                    <VariationInfo>
                        <Name></Name>
                        <Number>1</Number>
                        <TotalNumber>1</TotalNumber>
                    </VariationInfo>
                    <Source>
                        <FileLink>
                            <Name>TM_VSE_ModelErrorHandling_Calc_TC006_run6_config.xml</Name>
                            <File>Output\TM_VSE_ModelErrorHandling_Calc_TC006_run6_config.xml</File>
                            <Md5Hash>3d16cd16358b55d704f03f4fcd939a6c</Md5Hash>
                        </FileLink>
                    </Source>
                </Topic>
                <Topic>
                    <Type>
                        <Verdict>
                            <v>Passed</v>
                        </Verdict>
                    </Type>
                    <VariationInfo>
                        <Name></Name>
                        <Number>1</Number>
                        <TotalNumber>1</TotalNumber>
                    </VariationInfo>
                    <Source>
                        <FileLink>
                            <Name>TM_VSE_ModelErrorHandling_Calc_TC007_run7_config.xml</Name>
                            <File>Output\TM_VSE_ModelErrorHandling_Calc_TC007_run7_config.xml</File>
                            <Md5Hash>e4b63b84cb4c92e7dd3174468e22a449</Md5Hash>
                        </FileLink>
                    </Source>
                </Topic>
                <Topic>
                    <Type>
                        <Verdict>
                            <v>Passed</v>
                        </Verdict>
                    </Type>
                    <VariationInfo>
                        <Name></Name>
                        <Number>1</Number>
                        <TotalNumber>1</TotalNumber>
                    </VariationInfo>
                    <Source>
                        <FileLink>
                            <Name>TM_VSE_ModelErrorHandling_Calc_TC008_run8_config.xml</Name>
                            <File>Output\TM_VSE_ModelErrorHandling_Calc_TC008_run8_config.xml</File>
                            <Md5Hash>84c02b0189247a358aa2bf9f5999d477</Md5Hash>
                        </FileLink>
                    </Source>
                </Topic>
                <Topic>
                    <Type>
                        <Verdict>
                            <v>Passed</v>
                        </Verdict>
                    </Type>
                    <VariationInfo>
                        <Name></Name>
                        <Number>1</Number>
                        <TotalNumber>1</TotalNumber>
                    </VariationInfo>
                    <Source>
                        <FileLink>
                            <Name>TM_VSE_ModelErrorHandling_Calc_TC009_run9_config.xml</Name>
                            <File>Output\TM_VSE_ModelErrorHandling_Calc_TC009_run9_config.xml</File>
                            <Md5Hash>3de164b1eeccec4ce48c38b433a0fa8</Md5Hash>
                        </FileLink>
                    </Source>
                </Topic>
            </Declaration>
        </SingleReport>
    </Evaluation>
</TCReport>